City_ID,City,Lat,Lng,Max Temp,Humidity,Cloudiness,Wind Speed,Country,Date
0,husavik,66.0449,-17.3389,-3.93,66,63,5.48,IS,1675811394
1,barrow,71.2906,-156.7887,-16.99,71,100,3.6,US,1675811395
2,castro,-24.7911,-50.0119,18.11,92,11,2.51,BR,1675811395
3,dafeng,23.4517,108.5881,14.9,98,100,1.64,CN,1675811396
4,shitanjing,39.2342,106.3439,-3.13,46,100,2.98,CN,1675811396
5,bredasdorp,-34.5322,20.0403,19.44,74,90,4.01,ZA,1675811396
6,angoche,-16.2325,39.9086,25.12,86,100,3.3,MZ,1675811397
7,hobart,-42.8794,147.3294,16.14,60,75,4.63,AU,1675811397
8,mataura,-46.1927,168.8643,8.6,70,75,4.82,NZ,1675811397
9,east london,-33.0153,27.9116,21.81,86,100,4.86,ZA,1675811398
10,vardo,70.3705,31.1107,-0.01,86,41,10.29,NO,1675811398
11,sept-iles,50.2001,-66.3821,-7.19,88,75,6.17,CA,1675811229
12,busselton,-33.65,115.3333,18.34,77,29,4.2,AU,1675811399
13,sakakah,29.9697,40.2064,8.76,63,3,4.58,SA,1675811191
14,rikitea,-23.1203,-134.9692,26.03,73,83,5.23,PF,1675811399
15,soe,-9.8607,124.284,20.97,86,42,1.02,ID,1675811399
16,monte alegre,-2.0078,-54.0692,24.53,91,56,1.12,BR,1675811400
17,port alfred,-33.5906,26.891,20.66,93,100,0.45,ZA,1675811400
18,ballina,-28.8667,153.5667,23.9,86,100,2.86,AU,1675811401
19,luziania,-16.2525,-47.9503,27.83,82,79,0.87,BR,1675811403
20,vanimo,-2.6741,141.3028,24.48,96,100,2.19,PG,1675811404
21,sao filipe,14.8961,-24.4956,20.48,64,3,5.67,CV,1675811406
22,saint-denis,48.9167,2.3333,2.3,80,0,3.09,FR,1675811355
23,port lincoln,-34.7333,135.8667,20.82,69,3,5.37,AU,1675811409
24,hithadhoo,-0.6,73.0833,27.23,70,68,3.82,MV,1675811225
25,staroutkinsk,57.2302,59.3348,-26.09,100,91,1.21,RU,1675811411
26,yellowknife,62.456,-114.3525,-14.4,92,100,4.07,CA,1675811412
27,kapaa,22.0752,-159.319,27.18,84,75,4.63,US,1675811413
28,arraial do cabo,-22.9661,-42.0278,24.04,89,88,0.23,BR,1675811413
29,ribeira grande,38.5167,-28.7,12.65,67,63,4.47,PT,1675811414
30,amethi,26.15,81.8167,13.7,69,0,3.56,IN,1675811227
31,santa maria,-29.6842,-53.8069,27.76,35,6,3.17,BR,1675811335
32,skibotn,69.3913,20.2679,-0.09,92,90,4.49,NO,1675811415
33,hasaki,35.7333,140.8333,8.22,75,100,10.09,JP,1675811419
34,chernyshevskiy,63.0128,112.4714,-33.59,98,100,0.43,RU,1675811424
35,harper,4.375,-7.7169,26.41,85,87,3.15,LR,1675811424
36,kaeo,-35.1,173.7833,25.18,70,59,2.55,NZ,1675811425
37,caravelas,-17.7125,-39.2481,25.58,82,1,3.83,BR,1675811426
38,tuatapere,-46.1333,167.6833,12.54,63,66,6.63,NZ,1675811426
39,bengkulu,-3.8004,102.2655,23.56,82,93,2.45,ID,1675811427
40,qaanaaq,77.484,-69.3632,-31.22,65,89,2.35,GL,1675811428
41,roma,43.2128,-75.4557,5.46,79,100,4.63,US,1675811429
42,lompoc,34.6391,-120.4579,21.5,58,5,3.58,US,1675811430
43,punta arenas,-53.15,-70.9167,16.06,63,40,4.63,CL,1675811430
44,tortosa,40.8125,0.5216,7.36,93,100,7.17,ES,1675811431
45,porto velho,-8.7619,-63.9039,25.03,94,75,1.03,BR,1675811441
46,ushuaia,-54.8,-68.3,11.82,69,75,1.33,AR,1675811442
47,hermanus,-34.4187,19.2345,21.0,80,50,5.51,ZA,1675811448
48,cape town,-33.9258,18.4232,21.32,73,24,6.26,ZA,1675811450
49,romilly-sur-seine,48.5108,3.7263,0.66,67,23,3.12,FR,1675811451
50,bluff,-46.6,168.3333,8.78,69,77,11.77,NZ,1675811451
51,road town,18.4167,-64.6167,25.05,88,40,4.63,VG,1675811284
52,camara de lobos,32.6333,-16.9667,15.56,77,75,3.09,PT,1675811452
53,kodiak,57.79,-152.4072,-1.27,51,0,6.69,US,1675811452
54,beloha,-25.1667,45.05,22.96,85,100,2.32,MG,1675811275
55,srednekolymsk,67.45,153.6833,-35.32,99,100,2.45,RU,1675811452
56,shenjiamen,29.9576,122.298,8.77,76,100,5.43,CN,1675811453
57,kirkwall,58.9848,-2.9587,4.03,70,18,6.17,GB,1675811453
58,seoul,37.5683,126.9778,-3.31,93,0,0.51,KR,1675811177
59,san vicente,-26.6167,-54.1333,25.0,37,22,1.16,AR,1675811454
60,nikolskoye,59.7035,30.7861,-2.06,88,99,4.5,RU,1675811454
61,la reforma,25.0833,-108.05,22.89,38,100,5.52,MX,1675811455
62,ochamchira,42.7121,41.4721,3.4,82,100,1.91,GE,1675811455
63,monster,52.0258,4.175,1.08,89,6,1.03,NL,1675811455
64,mount isa,-20.7333,139.5,28.87,70,40,3.6,AU,1675811456
65,hobyo,5.3505,48.5268,24.31,77,21,5.87,SO,1675811456
66,strezhevoy,60.7333,77.5889,-22.74,99,84,3.03,RU,1675811223
67,portland,45.5234,-122.6762,9.99,94,100,3.58,US,1675811092
68,cockburn town,21.4612,-71.1419,25.11,76,0,10.28,TC,1675811457
69,atuona,-9.8,-139.0333,25.79,78,12,6.67,PF,1675811457
70,victoria,22.2855,114.1577,18.31,91,91,5.36,HK,1675811177
71,salalah,17.0151,54.0924,20.78,73,74,0.98,OM,1675811217
72,avarua,-21.2078,-159.775,29.03,79,20,5.66,CK,1675811458
73,new norfolk,-42.7826,147.0587,15.95,49,8,0.44,AU,1675811458
74,saskylakh,71.9167,114.0833,-34.05,99,99,0.74,RU,1675811458
75,mitsamiouli,-11.3847,43.2844,27.24,77,99,4.78,KM,1675811459
76,hami,42.8,93.45,0.34,55,100,1.26,CN,1675811459
77,krasnoselkup,65.7,82.4667,-27.85,100,96,4.05,RU,1675811460
78,saint anthony,45.0205,-93.218,0.97,67,0,4.12,US,1675811460
79,svetlogorsk,52.6333,29.7333,-11.42,97,43,1.43,BY,1675811460
80,albany,42.6001,-73.9662,3.03,53,100,2.24,US,1675811461
81,dunedin,-45.8742,170.5036,13.54,64,50,6.69,NZ,1675811399
82,sao felix do xingu,-6.6447,-51.995,23.57,92,83,0.6,BR,1675811218
83,puerto ayora,-0.7393,-90.3518,26.97,89,29,3.13,EC,1675811462
84,airai,-8.9266,125.4092,17.82,90,93,0.72,TL,1675811463
85,chitral,35.8462,71.7858,-3.76,50,1,3.92,PK,1675811463
86,tuktoyaktuk,69.4541,-133.0374,-32.0,68,100,0.0,CA,1675811465
87,butaritari,3.0707,172.7902,27.28,80,100,9.91,KI,1675811466
88,naron,43.5167,-8.1528,6.68,67,62,8.47,ES,1675811467
89,oftringen,47.3167,7.9167,-0.9,82,3,3.13,CH,1675811468
90,flinders,-34.5833,150.8552,21.32,93,100,1.73,AU,1675811468
91,ukiah,39.1502,-123.2078,18.58,55,0,5.14,US,1675811325
92,andra,62.5147,65.8878,-28.68,100,100,2.27,RU,1675811470
93,mar del plata,-38.0023,-57.5575,24.49,89,1,6.71,AR,1675811471
94,sabha,27.0377,14.4283,14.11,31,100,6.4,LY,1675811472
95,vila velha,-20.3297,-40.2925,26.97,87,75,4.12,BR,1675811279
96,vostok,46.4856,135.8833,-17.72,98,100,1.48,RU,1675811472
97,nirmal,19.1,78.35,21.15,35,28,1.85,IN,1675811473
98,jamestown,42.097,-79.2353,9.77,72,40,4.63,US,1675811388
99,avera,33.194,-82.5271,17.03,55,94,1.79,US,1675811476
100,bathsheba,13.2167,-59.5167,26.34,73,40,6.69,BB,1675811478
101,aswan,24.0934,32.907,10.83,37,55,4.71,EG,1675811479
102,vaini,-21.2,-175.2,26.09,100,75,4.63,TO,1675811479
103,balkhash,46.844,74.9804,-15.68,95,65,4.14,KZ,1675811480
104,kuching,1.55,110.3333,26.68,92,20,0.0,MY,1675811481
105,mahebourg,-20.4081,57.7,24.58,81,41,6.77,MU,1675811481
106,fort nelson,58.8053,-122.7002,2.75,44,2,0.89,CA,1675811482
107,acapulco,16.8634,-99.8901,28.9,65,20,5.14,MX,1675811402
108,lavrentiya,65.5833,-171.0,-24.48,86,100,1.35,RU,1675811482
109,salinopolis,-0.6136,-47.3561,25.64,86,78,4.89,BR,1675811483
110,zavodoukovsk,56.5042,66.5515,-25.66,100,100,0.91,RU,1675811494
111,gillette,44.2911,-105.5022,3.51,56,0,5.66,US,1675811291
112,antalaha,-14.9003,50.2788,23.18,91,92,2.55,MG,1675811504
113,mananjary,-21.2167,48.3333,22.97,91,96,2.34,MG,1675811505
114,kalevala,65.2,31.1667,-1.03,96,100,2.58,RU,1675811505
115,tiksi,71.6872,128.8694,-32.92,100,100,1.92,RU,1675811505
116,santiago del estero,-27.7951,-64.2615,33.47,27,4,1.24,AR,1675811417
117,carutapera,-1.195,-46.02,24.57,91,99,3.06,BR,1675811506
118,souillac,-20.5167,57.5167,24.91,83,60,6.16,MU,1675811217
119,hovd,48.0056,91.6419,-17.98,77,30,0.44,MN,1675811510
120,samarai,-10.6167,150.6667,27.39,79,100,4.59,PG,1675811510
121,pevek,69.7008,170.3133,-30.21,95,100,1.36,RU,1675811511
122,marsh harbour,26.5412,-77.0636,21.92,63,3,7.82,BS,1675811511
123,angoram,-4.0625,144.0661,23.12,98,100,1.61,PG,1675811511
124,khabary,53.6259,79.5345,-21.8,100,98,1.73,RU,1675811512
125,waipawa,-41.4122,175.5153,18.5,67,31,2.16,NZ,1675811512
126,santa rosa,14.3122,121.1114,25.01,83,100,3.72,PH,1675811513
127,praia da vitoria,38.7333,-27.0667,12.64,77,94,5.95,PT,1675811280
128,verkh-chebula,56.0308,87.6218,-12.27,90,100,4.03,RU,1675811513
129,vao,-22.6667,167.4833,26.43,71,39,5.6,NC,1675811514
130,birjand,32.8663,59.2211,8.4,78,17,3.48,IR,1675811514
131,ilulissat,69.2167,-51.1,-22.99,70,100,4.12,GL,1675811514
132,torrijos,39.9819,-4.2835,7.26,90,85,5.74,ES,1675811515
133,iqaluit,63.7506,-68.5145,-31.84,67,100,2.68,CA,1675811515
134,limoux,42.9167,2.1667,4.43,84,98,4.47,FR,1675811516
135,maceio,-9.6658,-35.7353,24.69,88,0,2.06,BR,1675811516
136,georgetown,5.4112,100.3354,24.97,88,20,3.09,MY,1675811243
137,los llanos de aridane,28.6585,-17.9182,13.86,82,0,5.66,ES,1675811517
138,sirur,18.8333,74.3833,20.54,33,10,3.09,IN,1675811517
139,muros,42.7762,-9.0603,6.72,68,5,8.72,ES,1675811467
140,davila,18.4726,120.5763,22.99,83,2,5.27,PH,1675811517
141,richards bay,-28.783,32.0377,22.9,96,52,1.88,ZA,1675811518
142,dongkan,33.9997,119.8308,2.8,81,100,2.89,CN,1675811518
143,torbay,47.6666,-52.7314,-4.12,85,100,10.28,CA,1675811518
144,laguna,38.421,-121.4238,16.67,56,0,1.54,US,1675811519
145,naze,28.3667,129.4833,15.99,72,82,5.79,JP,1675811519
146,walvis bay,-22.9575,14.5053,18.94,86,32,2.72,NA,1675811520
147,areosa,41.7178,-8.8571,6.19,75,3,4.42,PT,1675811520
148,chokurdakh,70.6333,147.9167,-39.02,100,99,1.74,RU,1675811520
149,maragogi,-9.0122,-35.2225,25.49,70,91,3.61,BR,1675811521
150,cidreira,-30.1811,-50.2056,24.56,75,17,5.43,BR,1675811515
151,namibe,-15.1961,12.1522,21.39,75,75,4.13,AO,1675811522
152,bemidji,47.4736,-94.8803,2.05,55,0,2.06,US,1675811523
153,roald,62.5833,6.1333,7.51,65,40,10.29,NO,1675811458
154,nishihara,26.1842,127.7558,19.6,89,75,3.09,JP,1675811525
155,burns lake,54.2331,-125.7533,-0.43,90,100,0.55,CA,1675811526
156,nanortalik,60.1432,-45.2371,-15.04,68,35,9.83,GL,1675811528
157,severo-kurilsk,50.6789,156.125,-4.99,60,49,4.3,RU,1675811530
158,bandarbeyla,9.4942,50.8122,24.41,77,56,6.08,SO,1675811531
159,alcantara,-2.4089,-44.4147,27.11,86,98,3.23,BR,1675811532
160,geraldton,-28.7667,114.6,20.23,88,40,4.12,AU,1675811532
161,saint-philippe,-21.3585,55.7679,24.77,83,82,6.31,RE,1675811534
162,kahului,20.8947,-156.47,26.65,77,40,9.77,US,1675811534
163,noumea,-22.2763,166.4572,30.56,99,94,3.82,NC,1675811411
164,churapcha,62.0025,132.4325,-42.02,100,99,0.79,RU,1675811535
165,la ronge,55.1001,-105.2842,0.25,76,30,5.68,CA,1675811538
166,coihaique,-45.5752,-72.0662,19.97,52,75,3.6,CL,1675811540
167,aripuana,-9.1667,-60.6333,22.23,99,92,0.32,BR,1675811540
168,xinzhou,38.4092,112.7333,-2.19,53,75,1.09,CN,1675811548
169,tukrah,32.5341,20.5791,11.47,69,100,4.97,LY,1675811556
170,kalengwa,-13.4659,25.0027,16.64,96,100,2.52,ZM,1675811559
171,taltal,-25.4,-70.4833,21.87,78,57,2.63,CL,1675811334
172,rock sound,24.9,-76.2,23.4,64,4,9.06,BS,1675811560
173,kaitangata,-46.2817,169.8464,13.89,58,78,6.48,NZ,1675811560
174,upernavik,72.7868,-56.1549,-29.17,98,76,1.54,GL,1675811565
175,rovaniemi,66.5,25.7167,-0.33,80,0,5.14,FI,1675811220
176,luderitz,-26.6481,15.1594,19.21,80,4,8.01,NA,1675811566
177,griffith,41.5284,-87.4237,4.01,77,75,7.2,US,1675811568
178,pisco,-13.7,-76.2167,25.03,73,0,8.75,PE,1675811568
179,rabaul,-4.1967,152.1721,27.56,77,100,3.9,PG,1675811569
180,burnie,-41.0667,145.9167,15.49,82,100,4.54,AU,1675811569
181,calvinia,-31.4707,19.776,19.72,65,76,2.63,ZA,1675811569
182,warmbad,-28.45,18.7333,22.74,50,29,2.02,NA,1675811570
183,lazaro cardenas,17.9583,-102.2,27.15,63,4,4.36,MX,1675811570
184,manaure,11.7751,-72.4445,26.79,66,27,10.18,CO,1675811571
185,faya,18.3851,42.4509,12.29,79,36,1.48,SA,1675811571
186,batagay-alyta,67.8006,130.4114,-35.56,100,100,0.39,RU,1675811571
187,san patricio,28.017,-97.5169,25.97,75,99,8.56,US,1675811572
188,port elizabeth,-33.918,25.5701,20.73,91,100,1.79,ZA,1675811572
189,kieta,-6.2167,155.6333,27.72,79,89,3.83,PG,1675811572
190,manggar,-2.8833,108.2667,25.55,86,99,2.24,ID,1675811573
191,kysyl-syr,63.8986,122.7617,-40.4,100,100,0.33,RU,1675811573
192,pimentel,-6.8367,-79.9342,25.16,73,40,9.77,PE,1675811573
193,coldingham,55.8868,-2.157,7.55,88,64,4.4,GB,1675811574
194,asau,46.4333,26.4,-4.49,97,100,1.68,RO,1675811574
195,margate,51.3813,1.3862,3.16,82,9,0.45,GB,1675811143
196,labuhan,-6.8844,112.2051,24.37,90,100,3.7,ID,1675811574
197,steinhausen,47.1951,8.4858,-0.99,91,100,0.51,CH,1675811575
198,provideniya,64.3833,-173.3,-17.94,71,100,5.0,RU,1675811575
199,miramar,25.9873,-80.2323,23.34,62,40,5.66,US,1675811576
200,eyl,7.9803,49.8164,24.13,74,43,5.99,SO,1675811576
201,mount gambier,-37.8333,140.7667,17.07,62,4,4.25,AU,1675811576
202,norfolk,42.1668,-71.2495,1.65,73,0,1.34,US,1675811577
203,tasiilaq,65.6145,-37.6368,-16.91,35,2,15.94,GL,1675811577
204,porto belo,-27.1578,-48.5531,26.97,79,25,2.98,BR,1675811577
205,tommot,58.9564,126.2925,-32.25,99,100,0.36,RU,1675811578
206,thompson,55.7435,-97.8558,-16.91,85,100,1.54,CA,1675811578
207,abonnema,4.7084,6.7931,26.96,78,11,2.4,NG,1675811578
208,fortuna,40.5982,-124.1573,15.75,64,0,3.09,US,1675811579
209,barra do garcas,-15.89,-52.2567,25.52,76,36,0.38,BR,1675811337
210,sonari,27.0667,95.0333,14.69,88,99,1.1,IN,1675811579
211,te anau,-45.4167,167.7167,12.32,58,58,4.27,NZ,1675811579
212,padang,-0.9492,100.3543,24.24,68,99,1.57,ID,1675811580
213,coquimbo,-29.9533,-71.3436,17.85,88,100,3.6,CL,1675811580
214,khuzhir,53.1939,107.3397,-14.76,92,80,1.51,RU,1675811581
215,oranjemund,-28.55,16.4333,17.45,93,79,6.44,NA,1675811581
216,hualmay,-11.0964,-77.6139,24.09,74,14,3.71,PE,1675811582
217,guanica,17.9716,-66.908,25.59,84,23,4.62,PR,1675811583
218,save,8.0425,2.486,27.9,63,75,2.92,BJ,1675811585
219,olafsvik,64.8945,-23.7142,-2.87,66,100,11.82,IS,1675811586
220,handia,25.3833,82.1833,13.27,76,0,3.39,IN,1675811586
221,santona,43.4439,-3.4576,7.82,86,86,3.67,ES,1675811587
222,havelock,34.8791,-76.9013,13.98,68,20,3.09,US,1675811587
223,makakilo city,21.3469,-158.0858,28.18,64,75,6.69,US,1675811588
224,narrabri,-30.3167,149.7833,28.07,52,1,1.34,AU,1675811588
225,kirovskiy,45.0917,133.5136,-18.75,98,80,0.63,RU,1675811589
226,plettenberg bay,-34.0527,23.3716,19.34,87,100,1.36,ZA,1675811590
227,shebunino,46.4339,141.8603,-5.78,69,100,4.62,RU,1675811592
228,sinazongwe,-17.2614,27.4618,23.58,76,46,1.33,ZM,1675811594
229,mufumbwe,-13.6833,24.8,16.96,97,100,2.92,ZM,1675811594
230,puerto del rosario,28.5004,-13.8627,15.86,63,20,2.57,ES,1675811596
231,dajal,29.5577,70.3762,14.25,40,46,3.52,PK,1675811600
232,prainha,-1.8,-53.48,23.86,95,85,1.24,BR,1675811601
233,khatanga,71.9667,102.5,-44.0,100,76,0.93,RU,1675811602
234,clyde river,70.4692,-68.5914,-33.95,97,97,1.39,CA,1675811602
235,bereslavka,48.6254,44.0449,-10.57,88,96,8.47,RU,1675811603
236,ilam,26.9167,87.9167,8.75,76,0,2.19,NP,1675811604
237,hofn,64.2539,-15.2082,0.54,60,100,11.7,IS,1675811608
238,hilo,19.7297,-155.09,25.16,92,75,4.12,US,1675811612
239,saint-ambroise,48.5501,-71.3324,-5.79,81,100,4.81,CA,1675811617
240,ponta do sol,32.6667,-17.1,15.56,59,15,2.3,PT,1675811620
241,liuzhou,24.3126,109.3892,12.56,93,100,2.08,CN,1675811626
242,sergiyevsk,53.9413,51.165,-23.13,100,40,1.92,RU,1675811629
243,longyearbyen,78.2186,15.6401,-7.09,93,100,10.29,SJ,1675811629
244,sidi ali,36.0998,0.4206,10.04,81,100,3.26,DZ,1675811629
245,palana,59.1167,159.9667,-26.47,99,100,4.25,RU,1675811630
246,chippewa falls,44.9369,-91.3929,3.1,61,0,5.14,US,1675811552
247,jiazi,22.8779,116.067,16.06,87,57,8.75,CN,1675811630
248,rawson,-43.3002,-65.1023,19.87,52,27,6.96,AR,1675811631
249,alice springs,-23.7,133.8833,31.23,40,4,1.54,AU,1675811587
250,abashiri,44.0213,144.2697,-10.84,85,75,3.09,JP,1675811631
251,tabory,58.5198,64.5495,-25.25,100,100,1.12,RU,1675811632
252,laiyang,36.9758,120.7136,-0.41,61,100,3.17,CN,1675811632
253,monteagudo,-19.8167,-63.9833,21.04,71,95,0.64,BO,1675811511
254,bethel,41.3712,-73.414,2.64,69,0,0.45,US,1675811634
255,salisbury,51.0693,-1.7957,1.43,89,0,1.03,GB,1675811634
256,alencon,48.4333,0.0833,-1.0,77,6,1.97,FR,1675811634
257,carnarvon,-24.8667,113.6333,25.04,66,0,7.79,AU,1675811635
258,ubinskoye,55.3068,79.6802,-23.65,100,99,2.11,RU,1675811635
259,talcahuano,-36.7167,-73.1167,21.82,46,0,5.66,CL,1675811635
260,bilibino,68.0546,166.4372,-39.69,100,100,0.1,RU,1675811636
261,kruisfontein,-34.0033,24.7314,19.38,79,100,1.9,ZA,1675811636
262,cabo san lucas,22.8909,-109.9124,25.9,57,40,5.14,MX,1675811424
263,manono,-7.3,27.4167,19.95,97,99,1.16,CD,1675811636
264,ornskoldsvik,63.2909,18.7153,-1.47,93,100,2.57,SE,1675811637
265,severo-yeniseyskiy,60.3725,93.0408,-13.83,97,100,1.34,RU,1675811637
266,bratsk,56.1325,101.6142,-17.73,99,100,1.68,RU,1675811637
267,lebu,-37.6167,-73.65,16.1,83,0,7.76,CL,1675811596
268,zistersdorf,48.5333,16.75,-3.15,76,9,2.66,AT,1675811638
269,osorno,-40.5667,-73.15,25.17,47,0,4.12,CL,1675811638
270,izumo,35.3667,132.7667,8.16,78,58,2.83,JP,1675811639
271,yulara,-25.2406,130.9889,29.22,27,0,3.23,AU,1675811639
272,sitka,57.0531,-135.33,3.94,75,0,3.6,US,1675811639
273,kodinsk,58.6881,99.1844,-14.15,97,100,1.39,RU,1675811640
274,guerrero negro,27.9769,-114.0611,22.0,20,1,0.77,MX,1675811640
275,cherskiy,68.75,161.3,-35.73,98,100,2.46,RU,1675811640
276,morgan city,29.6994,-91.2068,24.44,68,20,3.6,US,1675811641
277,namwala,-15.7504,26.4384,18.25,98,96,1.64,ZM,1675811641
278,panama city,8.9936,-79.5197,28.43,68,40,4.12,PA,1675811488
279,itupiranga,-5.1347,-49.3267,25.18,95,98,1.72,BR,1675811642
280,salamiyah,35.0113,37.0532,2.73,93,59,8.47,SY,1675811643
281,vengerovo,55.6848,76.7471,-18.17,98,96,2.09,RU,1675811400
282,chuy,-33.6971,-53.4616,23.19,72,15,5.19,UY,1675811645
283,dalbandin,28.8947,64.4101,15.68,23,61,1.37,PK,1675811647
284,eskisehir,39.7767,30.5206,-4.05,80,75,4.12,TR,1675811648
285,awjilah,29.1081,21.2869,10.95,56,100,3.61,LY,1675811648
286,teya,60.3778,92.6267,-11.9,97,100,1.17,RU,1675811649
287,lagoa,39.05,-27.9833,13.16,60,72,6.71,PT,1675811650
288,miami beach,25.7906,-80.1301,23.34,65,40,6.69,US,1675811358
289,impfondo,1.6381,18.0667,23.01,46,46,0.88,CG,1675811651
290,oranjestad,12.524,-70.027,26.06,79,0,2.24,AW,1675811508
291,leningradskiy,69.3833,178.4167,-31.78,96,100,2.48,RU,1675811669
292,standerton,-26.9337,29.2415,17.01,98,32,2.31,ZA,1675811680
293,havre-saint-pierre,50.2334,-63.5986,-12.23,83,43,3.44,CA,1675811680
294,kuminskiy,58.6667,66.5667,-23.68,100,98,1.24,RU,1675811681
295,bairiki,1.3292,172.9752,29.0,70,20,6.69,KI,1675811686
296,shelburne,44.0787,-80.2041,2.84,97,94,7.97,CA,1675811689
297,santiago,-33.4569,-70.6483,31.41,38,0,6.17,CL,1675811584
298,ballangen,68.3428,16.8315,3.93,81,75,6.69,NO,1675811690
299,diego de almagro,-26.3667,-70.05,24.75,36,66,3.87,CL,1675811690
300,khash,28.2211,61.2158,12.1,49,11,3.21,IR,1675811691
301,paragould,36.0584,-90.4973,14.88,90,100,4.97,US,1675811691
302,camana,-16.6228,-72.7111,24.36,82,62,3.4,PE,1675811691
303,saint george,37.1041,-113.5841,13.02,32,0,2.24,US,1675811692
304,sun city west,33.662,-112.3413,21.21,18,0,5.14,US,1675811425
305,moindou,-21.6924,165.677,28.34,73,100,2.25,NC,1675811692
306,dicabisagan,17.0818,122.4157,23.72,89,56,1.2,PH,1675811693
307,manta,-0.95,-80.7333,28.88,74,75,4.12,EC,1675811693
308,tigil,57.8,158.6667,-22.32,96,100,2.54,RU,1675811693
309,codrington,-38.2667,141.9667,17.27,66,59,5.61,AU,1675811694
310,winnemucca,40.973,-117.7357,6.55,44,91,2.3,US,1675811694
311,tessalit,20.1986,1.0114,23.34,15,97,1.19,ML,1675811694
312,silver city,32.7701,-108.2803,3.98,76,75,2.24,US,1675811695
313,hwange,-18.3693,26.5019,20.17,83,51,0.59,ZW,1675811695
314,constitucion,-35.3333,-72.4167,18.95,62,10,4.38,CL,1675811696
315,san juan,-31.5375,-68.5364,36.95,15,0,4.69,AR,1675811696
316,aquiraz,-3.9014,-38.3911,27.88,76,100,5.04,BR,1675811696
317,nuuk,64.1835,-51.7216,-12.66,78,75,2.57,GL,1675811697
318,iregszemcse,46.6929,18.1858,-3.16,63,0,1.4,HU,1675811697
319,kamenka,51.3223,42.7678,-13.97,95,9,3.57,RU,1675811697
320,balabac,7.9868,117.0645,25.93,85,100,5.21,PH,1675811698
321,gigmoto,13.7796,124.39,25.78,84,100,5.07,PH,1675811698
322,necochea,-38.5473,-58.7368,23.68,72,26,9.18,AR,1675811698
323,port macquarie,-31.4333,152.9167,23.83,67,96,1.62,AU,1675811546
324,san andres,12.5847,-81.7006,28.01,74,40,8.23,CO,1675811508
325,domoni,-12.2569,44.5319,26.13,85,98,2.55,KM,1675811699
326,vidalia,32.2177,-82.4135,20.97,40,0,0.0,US,1675811699
327,egvekinot,66.3167,-179.1667,-29.86,87,98,3.87,RU,1675811700
328,ossora,59.2353,163.0719,-26.44,88,100,2.68,RU,1675811700
329,paamiut,61.994,-49.6678,-18.13,85,99,5.02,GL,1675811700
330,aloleng,16.1307,119.7824,24.84,81,47,3.64,PH,1675811701
331,bambous virieux,-20.3428,57.7575,24.56,82,36,6.72,MU,1675811703
332,guarapari,-20.6667,-40.4975,26.61,90,95,4.94,BR,1675811703
333,altamont,42.2068,-121.7372,10.78,53,0,2.06,US,1675811704
334,celestun,20.8667,-90.4,27.28,66,5,5.22,MX,1675811705
335,luanda,-8.8368,13.2343,25.54,77,36,4.41,AO,1675811706
336,gorahun,7.4661,-11.2375,23.52,85,93,1.2,SL,1675811707
337,ambulu,-8.345,113.6058,23.59,93,100,1.93,ID,1675811707
338,castanos,26.7833,-101.4167,22.41,47,15,6.25,MX,1675811430
339,mujiayingzi,42.1167,118.7833,-9.84,50,0,2.99,CN,1675811721
340,kalakamati,-20.5929,27.3121,20.9,56,44,3.22,BW,1675811732
341,dakar,14.6937,-17.4441,20.49,71,99,9.01,SN,1675811733
342,kendari,-3.945,122.4989,25.24,86,100,0.32,ID,1675811733
343,palasa,18.7667,84.4167,19.34,84,3,1.97,IN,1675811734
344,russell,32.3502,-85.1999,20.78,52,75,2.06,US,1675811729
345,vallenar,-28.5708,-70.7581,26.25,42,15,3.27,CL,1675811742
346,sumkino,58.1108,68.3244,-25.57,100,89,1.35,RU,1675811742
347,petropavlovka,50.6114,105.3196,-23.91,99,68,1.34,RU,1675811743
348,klaksvik,62.2266,-6.589,8.51,85,100,24.43,FO,1675811748
349,kavaratti,10.5669,72.642,26.52,71,97,5.4,IN,1675811751
350,tual,-5.6667,132.75,27.77,77,100,10.11,ID,1675811751
351,mamakan,57.8161,114.0028,-22.84,99,100,0.18,RU,1675811754
352,chilca,-12.5211,-76.7372,23.93,82,7,2.69,PE,1675811754
353,garowe,8.4054,48.4845,18.84,88,19,3.67,SO,1675811755
354,coseiu,47.3167,22.9833,-4.04,90,98,0.98,RO,1675811755
355,berlevag,70.8578,29.0864,1.97,69,48,13.38,NO,1675811756
356,waingapu,-9.6567,120.2641,25.92,86,99,3.43,ID,1675811756
357,padrauna,26.9025,83.9819,13.29,77,0,1.32,IN,1675811756
358,cantagalo,-21.9811,-42.3681,21.26,98,100,0.83,BR,1675811757
359,dzhebariki-khaya,62.2167,135.8,-45.33,100,100,0.5,RU,1675811757
360,eureka,40.8021,-124.1637,15.9,63,52,1.34,US,1675811636
361,sambava,-14.2667,50.1667,23.83,89,85,3.45,MG,1675811758
362,arlit,18.7369,7.3853,23.95,13,100,2.7,NE,1675811758
363,bonavista,48.6499,-53.1147,-5.19,67,100,9.34,CA,1675811759
364,huanuco,-9.9329,-76.2415,21.22,69,51,3.34,PE,1675811759
365,adrar,20.5022,-10.0711,16.57,21,93,4.89,MR,1675811759
366,vila do maio,15.1333,-23.2167,20.44,67,4,9.0,CV,1675811760
367,balikpapan,-1.2675,116.8289,24.55,88,20,1.54,ID,1675811760
368,saint-augustin,51.226,-58.6502,-19.67,86,1,1.83,CA,1675811760
369,galatista,40.4667,23.2833,-0.6,54,7,0.45,GR,1675811761
370,danville,36.586,-79.395,14.36,45,0,2.06,US,1675811761
371,touros,-5.1989,-35.4608,26.6,67,70,7.15,BR,1675811762
372,shimoda,34.6667,138.95,8.95,76,89,2.69,JP,1675811763
373,bambanglipuro,-7.95,110.2833,23.29,95,100,1.72,ID,1675811763
374,nome,64.5011,-165.4064,-18.96,78,0,1.54,US,1675811764
375,key west,24.5557,-81.7826,26.0,70,0,7.2,US,1675811519
376,lahij,13.1667,44.5833,20.85,66,10,1.36,YE,1675811768
377,sikonge,-5.6333,32.7667,17.39,92,66,1.26,TZ,1675811768
378,tooele,40.5308,-112.2983,3.07,68,65,0.98,US,1675811769
379,port blair,11.6667,92.75,24.56,75,30,4.31,IN,1675811770
380,rabo de peixe,37.8,-25.5833,12.73,82,20,7.2,PT,1675811732
381,isangel,-19.55,169.2667,29.06,89,100,1.03,VU,1675811770
382,saldanha,-33.0117,17.9442,18.23,88,29,8.4,ZA,1675811774
383,huilong,31.8111,121.655,4.96,91,99,3.47,CN,1675811775
384,lucapa,-8.4192,20.7447,19.03,90,100,1.39,AO,1675811776
385,ballyhaunis,53.7667,-8.7667,3.73,96,53,2.72,IE,1675811776
386,talaya,61.3833,152.75,-40.23,99,100,0.48,RU,1675811777
387,nevel,56.0209,29.9284,-4.18,93,100,2.68,RU,1675811777
388,bumbuna,9.05,-11.7333,23.43,60,87,1.47,SL,1675811788
389,lahaina,20.8783,-156.6825,26.64,87,3,4.37,US,1675811794
390,zaozhuang,34.8647,117.5542,4.07,81,100,2.4,CN,1675811794
391,byron bay,-28.65,153.6167,23.86,63,97,3.12,AU,1675811800
392,alyangula,-13.8483,136.4192,29.11,68,100,1.69,AU,1675811801
393,ahipara,-35.1667,173.1667,21.35,59,97,3.3,NZ,1675811801
394,labytnangi,66.6572,66.4183,-17.19,95,100,4.85,RU,1675811801
395,ilawa,53.596,19.5685,-1.19,81,99,1.52,PL,1675811802
396,jak,47.1425,16.5815,-5.48,74,3,2.72,HU,1675811626
397,icod de los vinos,28.3724,-16.7119,15.81,78,19,0.83,ES,1675811802
398,kadyy,57.787,43.1903,-13.32,95,97,3.11,RU,1675811803
399,carballo,43.213,-8.691,6.12,75,43,5.17,ES,1675811803
400,araouane,18.9048,-3.5265,21.73,16,64,5.58,ML,1675811803
401,berdigestyakh,62.0989,126.6992,-41.22,100,100,0.57,RU,1675811804
402,svatove,49.4103,38.1503,-9.53,87,15,5.98,UA,1675811804
403,kaseda,31.4167,130.3167,11.11,77,96,5.29,JP,1675811804
404,shingu,33.7333,135.9833,7.46,83,1,3.34,JP,1675811805
405,norman wells,65.282,-126.8329,-17.84,95,100,0.97,CA,1675811805
406,grindavik,63.8424,-22.4338,-2.74,80,75,11.32,IS,1675811805
407,culpeper,38.5004,-77.9664,11.95,56,0,1.54,US,1675811806
408,college,64.8569,-147.8028,-10.44,77,75,0.0,US,1675811809
409,tura,25.5198,90.2201,14.89,50,19,1.57,IN,1675811810
410,ambositra,-20.5167,47.25,15.39,96,100,1.24,MG,1675811810
411,ostrovnoy,68.0531,39.5131,0.15,76,65,10.45,RU,1675811810
412,mana,5.6592,-53.7767,24.33,89,23,4.46,GF,1675811811
413,ferrol,43.4832,-8.2369,6.49,70,60,9.03,ES,1675811811
414,nikolsk,53.7189,46.0712,-19.7,100,100,1.74,RU,1675811811
415,tandil,-37.3217,-59.1332,27.05,33,40,3.1,AR,1675811812
416,westport,41.1415,-73.3579,4.38,75,40,3.6,US,1675811696
417,alofi,-19.0595,-169.9187,25.94,94,100,3.6,NU,1675811812
418,savasleyka,55.4606,42.3207,-19.99,100,100,1.15,RU,1675811813
419,valparaiso,-33.0393,-71.6273,20.13,77,0,4.12,CL,1675811704
420,ciudad bolivar,8.1222,-63.5497,29.36,52,99,5.9,VE,1675811813
421,adolfo lopez mateos,28.4667,-107.3,13.85,9,0,12.21,MX,1675811813
422,usogorsk,63.4106,48.6872,-6.32,94,100,4.92,RU,1675811814
423,praia,14.9215,-23.5087,20.3,60,40,9.26,CV,1675811814
424,aykhal,66.0,111.5,-38.92,100,99,1.52,RU,1675811815
425,norsup,-16.0667,167.3833,27.25,74,100,0.78,VU,1675811815
426,madhipura,25.9167,86.7833,14.04,64,0,1.5,IN,1675811815
427,san luis,-33.295,-66.3356,31.95,23,10,4.58,AR,1675811560
428,sisimiut,66.9395,-53.6735,-25.14,98,91,1.2,GL,1675811816
429,korla,41.7597,86.1469,-1.45,85,73,0.75,CN,1675811816
430,mount vernon,40.9126,-73.8371,4.94,74,75,6.69,US,1675811817
431,port hedland,-20.3167,118.5667,29.03,84,4,0.0,AU,1675811771
432,taoudenni,22.6783,-3.9836,19.34,20,90,5.08,ML,1675811817
433,zyryanka,65.75,150.85,-36.07,96,89,1.8,RU,1675811818
434,puro,12.4841,123.3827,24.67,87,65,3.31,PH,1675811818
435,hanzhong,33.0728,107.0303,8.59,80,100,3.14,CN,1675811818
436,san cristobal,7.7669,-72.225,23.1,62,27,0.86,VE,1675811712
437,alindao,5.0267,21.2088,25.17,20,7,0.68,CF,1675811819
438,hermiston,45.8404,-119.2895,11.59,62,100,2.24,US,1675811573
439,tecpan,14.7623,-90.9947,18.27,47,40,2.5,GT,1675811819
440,kavieng,-2.5744,150.7967,27.48,78,100,4.49,PG,1675811820
441,tolland,41.8501,-72.3495,1.24,62,0,3.09,US,1675811820
442,san quintin,30.4833,-115.95,17.52,41,0,4.72,MX,1675811821
443,komsomolskiy,40.4272,71.7189,0.4,86,10,2.06,UZ,1675811821
444,ayan,56.45,138.1667,-31.46,81,24,3.8,RU,1675811822
445,tolosa,43.6043,1.4437,5.99,70,0,5.14,FR,1675811822
446,tautira,-17.7333,-149.15,26.53,65,0,2.29,PF,1675811824
447,iralaya,15.0,-83.2333,25.39,84,55,6.08,HN,1675811825
448,abu dhabi,24.4667,54.3667,22.2,42,10,1.79,AE,1675811326
449,snezhnogorsk,69.1933,33.2531,0.88,79,11,11.64,RU,1675811827
450,whitianga,-36.8333,175.7,21.44,59,100,4.51,NZ,1675811828
451,bajil,15.0584,43.2851,24.26,76,2,1.61,YE,1675811830
452,tabuny,52.7773,78.7896,-22.77,100,84,2.37,RU,1675811831
453,amapa,1.0,-52.0,22.47,98,100,1.27,BR,1675811835
454,copiapo,-27.3667,-70.3333,18.83,40,38,2.49,CL,1675811368
455,cayenne,4.9333,-52.3333,24.02,94,75,1.54,GF,1675811639
456,montlucon,46.3333,2.6,-2.39,92,6,1.35,FR,1675811806
457,hamilton,39.1834,-84.5333,12.83,81,100,3.6,US,1675811475
458,kismayo,-0.3582,42.5454,24.52,86,37,6.37,SO,1675811842
459,bila tserkva,49.8094,30.1121,-8.39,95,55,3.33,UA,1675811844
460,itaituba,-4.2761,-55.9836,23.52,98,99,0.25,BR,1675811845
461,paoua,7.2427,16.4406,22.85,15,3,1.57,CF,1675811845
462,el alto,-4.2714,-81.2147,26.81,71,12,4.46,PE,1675811546
463,narsaq,60.9167,-46.05,-19.88,68,0,3.05,GL,1675811856
464,jasper,37.2001,-94.3502,8.33,76,100,2.57,US,1675811865
465,sioux lookout,50.1001,-91.917,-10.81,94,96,0.94,CA,1675811867
466,zhangjiakou,40.81,114.8794,-7.77,74,2,2.18,CN,1675811868
467,pangai,-19.8,-174.35,26.91,81,100,7.93,TO,1675811869
468,itape,-25.85,-56.6167,32.04,28,20,3.16,PY,1675811869
469,rincon,32.296,-81.2354,18.98,60,75,4.63,US,1675811869
470,shimanovsk,52.0,127.7,-32.61,97,23,1.13,RU,1675811870
471,ponta delgada,37.7333,-25.6667,13.4,82,20,7.2,PT,1675811870
472,jashpurnagar,22.9,84.15,13.1,40,0,2.59,IN,1675811871
473,puerto leguizamo,-0.1934,-74.7819,27.41,63,81,0.6,CO,1675811871
474,uwajima,33.2238,132.56,8.75,85,77,4.18,JP,1675811871
475,ames,42.0347,-93.6199,4.61,68,0,3.6,US,1675811749
476,gobabis,-22.45,18.9667,19.73,78,98,2.74,NA,1675811872
477,broken hill,-31.95,141.4333,25.54,22,0,6.09,AU,1675811872
478,tandalti,13.0167,31.8667,19.2,22,2,8.18,SD,1675811873
479,niteroi,-22.8833,-43.1036,26.45,94,100,3.6,BR,1675811873
480,shangrao,28.4532,117.9686,10.56,94,100,2.84,CN,1675811873
481,vila franca do campo,37.7167,-25.4333,13.23,82,83,5.31,PT,1675811874
482,lixourion,38.2019,20.4314,4.84,65,40,4.5,GR,1675811874
483,orly,48.75,2.4,2.27,78,0,2.57,FR,1675811874
484,brae,60.3964,-1.353,6.6,75,34,14.19,GB,1675811875
485,hauterive,46.0901,3.4459,-1.58,78,1,0.59,FR,1675811875
486,ancud,-41.8697,-73.8203,16.97,83,6,3.22,CL,1675811875
487,lethem,3.3803,-59.7968,28.3,61,78,4.7,GY,1675811876
488,samoded,63.6083,40.5111,0.36,90,100,5.22,RU,1675811876
489,chumikan,54.7183,135.315,-31.79,89,35,4.53,RU,1675811877
490,beira,-19.8436,34.8389,25.24,90,45,2.68,MZ,1675811877
491,santa isabel do rio negro,-0.4139,-65.0192,24.92,89,73,0.87,BR,1675811877
492,okha,53.5739,142.9478,-24.78,88,100,3.08,RU,1675811878
493,lander,42.833,-108.7307,-2.72,79,0,2.06,US,1675811835
494,viedma,-40.8135,-62.9967,22.32,63,15,5.54,AR,1675811878
495,quchan,37.106,58.5095,4.58,77,51,2.1,IR,1675811878
496,isabela,6.7085,121.9711,24.03,82,100,0.5,PH,1675811879
497,kursavka,44.4564,42.5093,-6.52,95,100,2.42,RU,1675811879
498,jatai,-17.8814,-51.7144,20.82,93,87,1.87,BR,1675811683
499,sao joao da barra,-21.6403,-41.0511,26.05,93,100,1.68,BR,1675811880
500,zhezkazgan,47.8043,67.7144,-17.01,85,75,4.0,KZ,1675811880
501,lakes entrance,-37.8811,147.981,17.31,73,8,1.59,AU,1675811880
502,buin,-33.7333,-70.75,31.9,32,0,3.5,CL,1675811881
503,biltine,14.5333,20.9167,21.18,19,96,8.49,TD,1675811881
504,asmara,15.3333,38.9333,11.81,90,78,3.41,ER,1675811882
505,kolosovka,56.4678,73.611,-24.0,100,97,2.39,RU,1675811882
506,arman,59.7,150.1667,-31.66,82,61,3.69,RU,1675811883
507,lata,40.1629,-8.3327,5.6,78,4,1.76,PT,1675811883
508,puri,19.8,85.85,23.23,78,1,4.34,IN,1675811884
509,elizabeth city,36.2946,-76.2511,12.23,74,0,3.09,US,1675811884
510,tineo,43.3376,-6.4145,0.14,97,86,1.77,ES,1675811885
511,mpongwe,-13.5091,28.155,17.55,99,100,1.31,ZM,1675811887
512,katsuura,35.1333,140.3,10.34,79,98,8.18,JP,1675811795
513,saint-joseph,-21.3667,55.6167,24.21,81,67,6.2,RE,1675811891
514,evanston,42.0411,-87.6901,3.54,76,20,3.6,US,1675811893
515,yar-sale,66.8333,70.8333,-19.12,91,99,6.85,RU,1675811894
516,abalak,58.1286,68.5944,-25.41,100,71,1.42,RU,1675811895
517,yerbogachen,61.2767,108.0108,-29.59,100,97,0.94,RU,1675811896
518,aljezur,37.3191,-8.8033,9.07,88,5,2.09,PT,1675811896
519,ortakoy,38.7373,34.0387,-5.86,96,100,2.16,TR,1675811897
520,beboto,8.2668,16.939,24.51,15,5,1.63,TD,1675811897
521,tuy hoa,13.0833,109.3,21.99,93,40,1.62,VN,1675811898
522,puerto ayacucho,5.6639,-67.6236,28.76,58,94,1.27,VE,1675811898
523,pampas,-12.4,-74.9,12.4,78,72,2.88,PE,1675811901
524,latung,5.5,120.8833,27.29,72,100,3.09,PH,1675811904
525,high level,58.5169,-117.136,-1.86,78,1,2.7,CA,1675811748
526,channel-port aux basques,47.5702,-59.1367,-7.25,73,98,8.02,CA,1675811905
527,half moon bay,37.4636,-122.4286,17.73,62,0,6.17,US,1675811464
528,san,13.3034,-4.8956,29.61,12,85,4.12,ML,1675811665
529,boa vista,2.8197,-60.6733,28.99,61,20,2.57,BR,1675811811
530,mangrol,21.1167,70.1167,20.58,61,5,3.39,IN,1675811909
531,maldonado,-34.6667,-54.9167,24.66,64,20,5.5,UY,1675811911
532,amahai,-3.3333,128.9167,26.1,80,100,1.45,ID,1675811915
533,dingle,10.9995,122.6711,23.45,92,100,3.53,PH,1675811922
534,krotoszyn,51.6987,17.4374,-0.81,87,44,1.04,PL,1675811927
535,ocean city,39.2776,-74.5746,6.01,82,100,2.68,US,1675811928
536,nyurba,63.2842,118.3319,-37.91,98,100,0.66,RU,1675811929
537,damara,4.9608,18.7035,25.03,18,9,1.32,CF,1675811929
538,yamada,39.4667,141.95,1.16,88,99,4.07,JP,1675811929
539,viline,44.8456,33.6716,-1.6,88,100,8.33,UA,1675811930
540,dikson,73.5069,80.5464,-24.33,92,100,9.07,RU,1675811824
541,patulele,44.3453,22.7728,-2.28,70,86,2.36,RO,1675811930
542,astorga,-23.2325,-51.6656,21.29,84,23,1.01,BR,1675811930
543,davidson,36.1501,-86.7833,19.25,55,75,4.63,US,1675811931
544,the valley,18.217,-63.0578,25.08,83,20,4.12,AI,1675811932
545,hidalgo,20.5,-99.0,23.93,16,17,3.58,MX,1675811932
546,camocim,-2.9022,-40.8411,25.27,86,99,4.74,BR,1675811933
547,port hueneme,34.1478,-119.1951,23.21,30,0,7.72,US,1675811933
548,barcelos,41.5388,-8.6151,9.82,74,10,2.53,PT,1675811815
549,nova olimpia,-14.7972,-57.2881,24.38,88,23,0.39,BR,1675811934
550,qasigiannguit,68.8193,-51.1922,-22.86,98,100,0.92,GL,1675811934
551,goderich,43.7501,-81.7165,2.17,91,100,8.17,CA,1675811748
552,zabol,32.25,67.25,0.38,84,100,4.4,AF,1675811934
553,palu,-0.8917,119.8707,24.01,95,100,0.82,ID,1675811935
554,rocha,-34.4833,-54.3333,22.81,68,29,4.63,UY,1675811935
555,uaua,-9.8414,-39.4817,27.36,31,100,4.75,BR,1675811935
